tag,count
preparation,230546
time-to-make,225326
course,218148
main-ingredient,170446
dietary,165091
easy,126062
occasion,114145
cuisine,91165
low-in-something,85776
main-dish,71786
equipment,70436
60-minutes-or-less,69990
number-of-servings,58949
meat,56042
30-minutes-or-less,55077
vegetables,53814
taste-mood,52143
4-hours-or-less,49497
north-american,48479
3-steps-or-less,44933
15-minutes-or-less,43934
low-sodium,43349
desserts,43203
low-carb,42189
healthy,40340
dinner-party,37561
low-cholesterol,36743
low-calorie,36429
vegetarian,35651
beginner-cook,35561
5-ingredients-or-less,35466
holiday-event,34920
inexpensive,32619
low-protein,32522
low-saturated-fat,31378
fruit,31324
oven,31180
american,31179
eggs-dairy,30142
pasta-rice-and-grains,27084
kid-friendly,27074
side-dishes,26902
healthy-2,26619
comfort-food,26136
european,24912
presentation,24470
poultry,24160
lunch,23800
for-1-or-2,23084
low-fat,22170
stove-top,22095
seasonal,21933
weeknight,20948
chicken,20381
appetizers,20379
brunch,18927
to-go,18524
for-large-groups,17391
beef,17074
one-dish-meal,16807
cheese,15147
seafood,14791
salads,14687
breads,14537
breakfast,13655
asian,13485
pasta,12908
pork,12692
cookies-and-brownies,12440
served-hot,12061
condiments-etc,11874
free-of-something,11804
technique,11540
high-in-something,11462
soups-stews,11360
beverages,11124
potluck,10699
savory,10544
sweet,10543
potatoes,10293
summer,10039
vegan,10012
cakes,9653
beans,9533
chocolate,9389
very-low-carbs,9201
eggs,8577
small-appliance,8522
spicy,8225
chicken-breasts,8147
christmas,8145
ground-beef,8090
picnic,7802
fall,7754
winter,7654
served-cold,7558
fish,7462
italian,7410
high-protein,7209
snacks,7159
southern-united-states,7114
nuts,7044
shellfish,6948
gifts,6923
mexican,6694
crock-pot-slow-cooker,6608
diabetic,6458
finger-food,6458
casseroles,6453
no-cook,6194
rice,6013
grains,5997
sandwiches,5832
berries,5831
gluten-free,5743
tomatoes,5699
quick-breads,5652
sauces,5556
tropical-fruit,5335
onions,5300
saltwater-fish,5198
romantic,5179
egg-free,5064
apples,4943
high-calcium,4907
food-processor-blender,4844
refrigerator,4833
grilling,4782
pies-and-tarts,4766
dips,4727
novelty,4632
heirloom-historical,4575
canadian,4572
toddler-friendly,4447
kosher,4446
thanksgiving,4357
cocktails,4310
shrimp,4266
oamc-freezer-make-ahead,4232
barbecue,4116
lactose,4105
spring,4072
citrus,4058
greens,4038
south-west-pacific,3934
squash,3696
southwestern-united-states,3536
bar-cookies,3385
mushrooms,3305
pies,3210
peppers,3180
brown-bag,3170
yeast,3128
drop-cookies,3011
carrots,2911
midwestern,2884
african,2851
australian,2845
from-scratch,2716
indian,2708
valentines-day,2680
muffins,2650
northeastern-united-states,2566
turkey,2558
new-years,2487
puddings-and-mousses,2485
corn,2432
greek,2391
salad-dressings,2389
candy,2372
easter,2368
independence-day,2359
copycat,2314
spreads,2289
pancakes-and-waffles,2282
pineapple,2277
french,2268
salmon,2251
broccoli,2232
strawberries,2231
1-day-or-more,2138
microwave,2133
bananas,2098
middle-eastern,2067
savory-sauces,2041
chinese,2008
pork-sausage,1995
frozen-desserts,1955
rolls-biscuits,1915
spinach,1893
hand-formed-cookies,1893
smoothies,1878
broil,1868
superbowl,1865
pitted-fruit,1837
central-american,1818
bisques-cream-soups,1808
bacon,1744
english,1744
coconut,1723
mixer,1711
caribbean,1709
lemon,1705
chili,1693
stir-fry,1690
ham,1664
spaghetti,1655
chicken-thighs-legs,1611
stews,1592
pork-chops,1590
freezer,1573
camping,1565
elbow-macaroni,1552
tuna,1547
asparagus,1542
lamb-sheep,1526
black-beans,1522
cheesecake,1517
yams-sweet-potatoes,1508
pizza,1505
tex-mex,1476
oranges,1468
savory-pies,1444
curries,1439
blueberries,1426
crab,1400
green-yellow-beans,1396
german,1377
cake-fillings-and-frostings,1308
scandinavian,1294
omelets-and-frittatas,1283
south-american,1255
soy-tofu,1243
lentils,1243
bread-machine,1241
long-grain-rice,1239
marinades-and-rubs,1236
roast-beef,1209
thai,1208
cajun,1206
cobblers-and-crisps,1197
pork-loins,1190
chick-peas-garbanzos,1181
roast,1158
cauliflower,1154
deep-fry,1114
granola-and-porridge,1103
penne,1095
white-rice,1081
steaks,1073
spanish,1072
whole-chicken,1054
wedding,1046
raspberries,1039
chowders,1037
steak,1031
coffee-cakes,1021
canning,1013
cooking-mixes,1013
brownies,977
punch,972
freshwater-fish,950
lettuces,906
moroccan,897
pacific-northwest,887
peaches,873
rolled-cookies,870
lasagna,867
cupcakes,866
creole,855
sweet-sauces,854
japanese,851
st-patricks-day,828
jams-and-preserves,821
californian,819
shakes,784
ontario,731
scottish,715
brown-rice,711
pears,707
herb-and-spice-mixes,700
halloween,698
ravioli-tortellini,696
fudge,680
melons,677
salsas,673
hanukkah,673
mango,667
irish,658
gelatin,657
lime,653
new-zealand,645
scones,641
wings,638
british-columbian,635
celebrity,631
flat-shapes,625
scallops,615
jewish-ashkenazi,612
stuffings-dressings,589
clear-soups,586
wild-game,546
pork-ribs,532
cherries,531
garnishes,502
pasta-shells,492
tarts,457
hawaiian,444
passover,437
steam,433
polish,407
infant-baby-friendly,405
cod,405
beef-sausage,400
water-bath,396
rosh-hashana,394
stocks,391
russian,381
crusts-pastry-dough-2,381
swiss,375
swedish,373
tilapia,368
portuguese,358
vietnamese,351
mardi-gras-carnival,338
veal,330
clams,329
short-grain-rice,325
south-african,324
hungarian,317
pressure-cooker,314
high-fiber,312
halibut,310
lebanese,308
biscotti,308
non-alcoholic,303
leftovers,301
baking,294
kwanzaa,289
turkish,286
turkey-breasts,285
ramadan,279
burgers,279
simply-potatoes,276
deer,258
cuban,255
korean,253
iranian-persian,252
beef-ribs,247
brazilian,247
grapes,245
sole-and-flounder,244
birthday,233
danish,230
super-bowl,224
dutch,224
indonesian,218
nut-free,218
amish-mennonite,214
soul,210
mussels,209
peanut-butter,207
filipino,206
polynesian,203
welsh,203
egyptian,200
norwegian,199
lobster,197
gumbo,196
dairy-free,195
chutneys,194
whole-turkey,189
catfish,189
quebec,187
zucchini,185
jewish-sephardi,185
jellies,178
oysters,178
papaya,171
finnish,171
plums,170
austrian,170
duck,169
belgian,165
native-american,164
pennsylvania-dutch,164
baja,160
no-shell-fish,156
manicotti,154
smoker,150
chard,144
beef-organ-meats,144
pakistani,141
kiwifruit,141
czech,136
sourdough,132
trout,127
argentine,124
collard-greens,123
peruvian,121
malaysian,119
medium-grain-rice,117
meatloaf,115
szechuan,114
avocado,111
,109
mahi-mahi,107
hidden-valley-ranch,107
puerto-rican,106
bok-choys,104
saudi-arabian,102
mashed-potatoes,102
iraqi,98
eggplant,97
meatballs,94
crawfish,94
palestinian,92
beef-liver,91
cantonese,90
squid,89
ethiopian,88
pumpkin,86
chicken-livers,83
bass,82
orange-roughy,80
chilean,76
macaroni-and-cheese,75
colombian,73
oaxacan,72
whitefish,72
chocolate-chip-cookies,72
ice-cream,70
reynolds-wrap,70
tempeh,69
cinco-de-mayo,63
brewing,60
rabbit,58
turkey-burgers,56
dehydrator,55
labor-day,53
nepalese,53
duck-breasts,53
oatmeal,51
memorial-day,50
unprocessed-freezer,50
micro-melanesia,49
mothers-day,49
costa-rican,48
venezuelan,48
rosh-hashanah,47
pheasant,46
cambodian,46
icelandic,44
whole-duck,44
artichoke,43
ragu-recipe-contest,43
a1-sauce,41
veggie-burgers,41
pressure-canning,41
libyan,40
nigerian,38
college,37
ecuadorean,37
guatemalan,34
elk,34
hunan,31
pot-pie,27
quiche,27
perch,25
fathers-day,25
fillings-and-frostings-chocolate,22
moose,21
honduran,21
sugar-cookies,21
goose,19
beijing,18
quail,18
georgian,17
laotian,16
sudanese,15
octopus,14
angolan,13
halloween-cupcakes,13
mongolian,13
chinese-new-year,11
congolese,11
halloween-cakes,11
dips-lunch-snacks,11
somalian,9
pasta-elbow-macaroni,9
april-fools-day,7
pickeral,7
simply-potatoes2,6
bear,6
beef-kidney,6
namibian,6
main-dish-pork,5
prepared-potatoes,5
halloween-cocktails,4
main-dish-beef,3
main-dish-chicken,3
breakfast-eggs,2
spaghetti-sauce,2
heirloom-historical-recipes,2
side-dishes-beans,2
beans-side-dishes,2
pasta-salad,2
crock-pot-main-dish,2
eggs-breakfast,1
beef-crock-pot,1
pot-roast,1
irish-st-patricks-day,1
beef-sauces,1
pork-loins-roast,1
baked-beans,1
snacks-kid-friendly,1
snacks-sweet,1
main-dish-pasta,1
mushroom-soup,1
beef-barley-soup,1
pork-crock-pot,1
desserts-fruit,1
desserts-easy,1
lasagne,1
cabbage,1
middle-eastern-main-dish,1
high-in-something-diabetic-friendly,1
dips-summer,1
black-bean-soup,1
bean-soup,1
served-hot-new-years,1
ham-and-bean-soup,1
lamb-sheep-main-dish,1
for-large-groups-holiday-event,1
stews-poultry,1
pasta-rice-and-grains-elbow-macaroni,1
pork-loin,1
cranberry-sauce,1
marinara-sauce,1
breakfast-casseroles,1
breakfast-potatoes,1
main-dish-seafood,1
shrimp-main-dish,1
pumpkin-bread,1
bread-pudding,1
less_thansql:name_topics_of_recipegreater_than,1
chicken-crock-pot,1
chicken-stews,1
chicken-stew,1
Throw the ultimate fiesta with this sopaipillas recipe from Food.com.,1
roast-beef-main-dish,1
roast-beef-comfort-food,1
